ME3223,Fossil Heritage,54 990,43 990
BQ2753_SET,Fossil Set,38 990,27 290
S700LXVLML,Obaku STRAND,13 790,5 490
LWS-1200H-1A2,Casio Digital,5 190,3 560
ME3258,Fossil Heritage,38 990,27 290
A171WE-1AEF,Casio Vintage,6 290,3 830
SNK063J5,Seiko Seiko 5,24 900,20 080
ME3226,Fossil Heritage,54 990,43 990
ME3224,Fossil Heritage,38 990,27 290
A500WA-1,Casio Vintage,5 990,3 820
ME3228,Fossil Heritage,54 990,43 990
BQ2644_SET,Fossil Set,35 990,25 190
LF-10WH-3,Casio Digital,4 590,3 510
F-94WA-8,Casio Vintage,2 590,2 010
ME3244,Fossil Heritage,54 990,43 990
DZ1436,Diesel Franchise,Old price not found,24 990
LF-20W-1A,Casio Digital,4 690,3 480
MQ-24UC-2BEF,Casio Analog,2 350,2 200
ME3230,Fossil Heritage,54 990,43 990
MK9075,Michael Kors Runway,35 590,24 910
W-201-1B,Casio Digital,2 990,2 210
ME3233,Fossil Heritage,52 990,42 390
MK9074,Michael Kors Runway,35 190,24 630
F-91WB-1A,Casio Digital,3 990,2 840
MW-59-1E,Casio Analog,2 990,2 400
ME3221,Fossil Heritage,52 990,42 390
ME3259,Fossil Townsman,31 590,22 110
LW-204-1BEF,Casio Digital,4 990,2 620
BQ2468_SET,Fossil Fenmore,Old price not found,32 990
BQ2798,Fossil Brox,22 590,15 810
HS-3V-1,Casio Digital,3 690,2 430
116000_WHITE_GRAPE,Rolex Oyster Perpetual,Old price not found,
TS2301B,TACS Architecture,Old price not found,40 900
UP-03,Atto Verticale Upper,32 090,16 040
LF-20W-8A,Casio Digital,4 590,3 420
TS2101A,TACS Mask Player,Old price not found,37 800
UF07LLN,Offstage UFO,17 940,8 970
346.HX.2800.RW,Hublot Big Bang,Old price not found,
TS2204C,TACS Time Ruler,Old price not found,26 900
UF05LLN,Offstage UFO,17 940,8 970
F-94WA-8,Casio Vintage,2 590,2 010
PWNAA0222,Philipp Plein The Skull,Old price not found,58 590
TS2204A,TACS Time Ruler,Old price not found,26 900
UF07LLC,Offstage UFO,17 940,8 970
MQ-24UC-2BEF,Casio Analog,2 350,2 200
826.92.1051C,Seagull Zhuoer,Old price not found,52 900
PSDBA0723,Plein Sport HURRICANE,29 990,23 990
UF05LLB,Offstage UFO,17 940,8 970
W-201-1B,Casio Digital,2 990,2 210
SP-5151-01,Spinnaker FLEUSS,Old price not found,42 900
4064L-3,��� Lincor,24 500,23 270
UF03LLN,Offstage UFO,17 940,8 970
F-91WB-8A,Casio Vintage,4 490,2 720
SP-5151-04,Spinnaker FLEUSS,Old price not found,42 900
390C171,Pierre Lannier Automatic,27 890,19 990
UF05LLC,Offstage UFO,17 730,8 860
LF-20W-8A2,Casio Digital,4 690,2 780
SP-5151-03,Spinnaker FLEUSS,Old price not found,42 900
UP-05,Atto Verticale Upper,32 090,16 040
A168WA-8A,Casio Vintage,5 190,3 180
F-91WB-7A,Casio Vintage,4 490,2 860
SP-5151-02,Spinnaker FLEUSS,Old price not found,42 900
TO-08,Atto Verticale Tonneau,32 090,16 040
LW-205H-2A,Casio Digital,5 290,3 180
A168WA-5A,Casio Vintage,5 190,2 930
A32380A9-A737-146S,Breitling Superocean Automatic,489 430,444 940
PSABA0723,Plein Sport THUNDERSTORM CHRONO,Old price not found,27 590
ZE01LLG,Offstage ZEPPELIN,15 940,7 970
PWAAA2224,Philipp Plein The Skull,Old price not found,47 990
ABL-100WEPC-1B,Casio Vintage,24 490,21 480
UF08LLR,Offstage UFO,15 940,7 970
PWWAA0624,Philipp Plein The Skull Scuba Duba,Old price not found,38 990
WWRP603,Welder Spark,Old price not found,18 290
UF06LLR,Offstage UFO,15 940,7 970
LWS-1200H-1A2,Casio Digital,5 190,3 560
PWWAA0824,Philipp Plein The Skull Scuba Duba,Old price not found,38 990
WWRP609,Welder Spark,Old price not found,18 290
ZE03LLG,Offstage ZEPPELIN,15 940,7 970
LWS-1200H-7A3,Casio Digital,5 190,4 250
PSDBA1123,Plein Sport HURRICANE,Old price not found,32 590
WWRP404,Welder Moody,14 490,11 590
ZE04LLG,Offstage ZEPPELIN,15 940,7 970
CA-53WB-1B,Casio Digital,5 990,5 200
PWWAA0724,Philipp Plein The Skull Scuba Duba,38 990,31 190
A-168WEPC-7A,Casio Vintage,13 990,10 030
UF06LLG,Offstage UFO,15 940,7 970
TW2T48700,Timex Classical Digital Mini,6 990,5 590
PSDBA0423,Plein Sport HURRICANE,Old price not found,29 990
A130WEGG-1A,Casio Vintage,13 790,9 770
ZE05LLM,Offstage ZEPPELIN,15 940,7 970
A130WE-1A,Casio Vintage,9 990,5 980
PSDBA0523,Plein Sport HURRICANE,Old price not found,29 990
CA-53WPC-1B,Casio Digital,12 490,8 650
ZE04LLM,Offstage ZEPPELIN,15 940,7 970
F-91WPC-1A,Casio Vintage,9 990,6 620
PSDBA0623,Plein Sport HURRICANE,Old price not found,29 990
ZE01LLR,Offstage ZEPPELIN,15 940,7 970
ZE03LLR,Offstage ZEPPELIN,15 940,7 970
A130WE-7A,Casio Vintage,9 990,7 020
50609RBR-0007,Rolex Cellini,Old price not found,
116000_SILVER,Rolex Oyster Perpetual,Old price not found,
112534,Montblanc Heritage Chronometrie,Old price not found,
86348SABLV,Rolex Pearlmaster,Old price not found,
268655-0002,Rolex Yacht-Master 37,Old price not found,
341.CG.1110.LR.1922,Hublot Big Bang,Old price not found,
86348SAJOR,Rolex Pearlmaster,Old price not found,
50605RBR-0014,Rolex Cellini,Old price not found,
361.SR.6010.LR.1913,Hublot Big Bang,Old price not found,
A171WE-1AEF,Casio Vintage,6 290,3 830
86349SAFUBL,Rolex Pearlmaster,Old price not found,
268621,Rolex Yacht-Master 37,Old price not found,
LT1055.13BS01,Le Temps Zafira,Old price not found,19 900
B640WDG-7EF,Casio Vintage,5 990,4 870
50709RBR-0010,Rolex Cellini,Old price not found,
268622,Rolex Yacht-Master 37,Old price not found,
TS1302B,TACS Pixel,Old price not found,19 400
B640WGG-9EF,Casio Vintage,8 390,6 260
50705RBR-0010,Rolex Cellini,Old price not found,
568.NX.1170.NX,Hublot Classic Fusion,Old price not found,
TS1302A,TACS Pixel,Old price not found,19 400
A100WEG-9AEF,Casio Vintage,10 990,6 730
168623-0016,Rolex Yacht-Master 35,Old price not found,
H2558,Chanel J12,Old price not found,
TS1203A,TACS TFO,Old price not found,14 900
A171WEG-9AEF,Casio Vintage,10 990,6 750
116000_RED_GRAPE,Rolex Oyster Perpetual,Old price not found,
H2980,Chanel J12,Old price not found,
TS1104B,TACS Channel,Old price not found,14 400
TW2U84000,Timex T80,8 790,7 030
116576TBR,Rolex Cosmograph Daytona,Old price not found,
112536,Montblanc Heritage Chronometrie,Old price not found,
TS1102A,TACS TFO,Old price not found,13 900
TS1102C,TACS TFO,Old price not found,12 900
TS2301C,TACS Architecture,Old price not found,40 900
TS2102B,TACS Sunrise Sunset,Old price not found,18 800
CA-500WEGG-1B,Casio Vintage,14 990,8 380
TS2204D,TACS Time Ruler,Old price not found,26 900
TS1602C,TACS Day Night,Old price not found,18 800
CA-500WEG-1A,Casio Vintage,14 990,8 250
TS2204B,TACS Time Ruler,Old price not found,26 900
TS1701B,TACS PLP II,Old price not found,17 900
AQ-800EB-2A,Casio Vintage,9 990,8 200
LW-204-1BEF,Casio Digital,4 990,2 620
PWHAA0821,Philipp Plein Hyper Shock,37 990,26 590
A1100G-5,Casio Vintage,28 990,13 190
A168WEMB-1B,Casio Vintage,11 990,7 820
1121269-300-2025,����� �������,Old price not found,5 610
PWFAA0121,Philipp Plein The G.O.A.T.,29 990,20 990
1333511-1L45-300,����� ������,Old price not found,12 370
1119535-2035,����� �������,Old price not found,6 240
1019601-1L22,����� �������,Old price not found,5 610
SNK063J5,Seiko Seiko 5,24 900,20 080
1219369-GM-15,����� ������,Old price not found,11 630
1069912-300-2035,����� �������,Old price not found,5 970
1721979-2035-100,����� ��������,Old price not found,5 700
TS1602F,TACS Day Night,Old price not found,19 900
5131033-OS21,����� �����,Old price not found,11 230
1049772-2035,����� �������,Old price not found,5 910
1721980-2035-100,����� ��������,Old price not found,5 700
PWHAA0121,Philipp Plein Hyper Shock,23 990,19 190
A168WEUC-1A,Casio Vintage,14 990,10 380
1049912-2035,����� �������,Old price not found,5 910
1111534-2035,����� �������,Old price not found,5 900
PWHAA0421,Philipp Plein Hyper Shock,23 990,19 190
AQ-800ECGG-3A,Casio Vintage,9 990,8 880
1049913-2035,����� �������,Old price not found,5 910
1049914-2035,����� �������,Old price not found,5 910
PWNAA0722,Philipp Plein The Skull,Old price not found,59 990
A171WEMB-1A,Casio Vintage,12 990,7 630
A100WE-7B,Casio Vintage,7 290,5 380
PWNAA0322,Philipp Plein The Skull,Old price not found,58 590
A168WEHB-1A,Casio Vintage,13 990,7 320
A100WEFG-9A,Casio Vintage,9 990,5 220
PWNAA0122,Philipp Plein The Skull,Old price not found,58 590
A168WERG-2AEF,Casio Vintage,10 990,7 220
A168XESG-9A,Casio Vintage,8 590,4 930
F-91WB-8A,Casio Vintage,4 490,2 720
PWPSA0224,Philipp Plein Plein Chrono Royal,68 990,48 290
AQ-800EC-2A,Casio Vintage,8 490,7 110
AQ-230A-2A1,Casio Vintage,5 990,4 880
LF-20W-8A2,Casio Digital,4 690,2 780
PWNAA0522,Philipp Plein The Skull Genderless,59 990,47 990
A168WERB-2AEF,Casio Vintage,9 990,6 810
LWS-2200H-4A,Casio Digital,7 490,4 080
F-91WB-7A,Casio Vintage,4 490,2 860
PWHAA1522,Philipp Plein Hyper Shock,33 990,27 190
CA-500WE-1A,Casio Vintage,10 490,6 690
A700WM-7A,Casio Vintage,6 990,4 070
A168WA-5A,Casio Vintage,5 190,2 930
PWHAA1622,Philipp Plein Hyper Shock,33 990,27 190
CA-500WE-4B,Casio Vintage,10 990,5 960
A500WA-1,Casio Vintage,5 990,3 820
A168WA-8A,Casio Vintage,5 190,3 180
PWHAA1722,Philipp Plein Hyper Shock,33 990,27 190
A168WEHA-9A,Casio Vintage,9 490,5 960
LF-10WH-3,Casio Digital,4 590,3 510
LW-205H-2A,Casio Digital,5 290,3 180
A700WEGL-7AEF,Casio Vintage,9 900,7 800
A500WGA-1,Casio Vintage,10 490,5 410
LF-20W-1A,Casio Digital,4 690,3 480
LF-20W-8A,Casio Digital,4 590,3 420
T862.410.29.013.00,Tissot T Pocket,Old price not found,
PWHAA1822,Philipp Plein Hyper Shock,33 990,27 190
2493523-300-2115,����� ��������,Old price not found,14 400
1051848-300-2035,����� �������,Old price not found,4 990
0930559-300-2428,����� ������,Old price not found,90 000
392C161,Pierre Lannier Data,Old price not found,16 890
2490538-300-2115,����� ��������,Old price not found,14 400
2551609-300-2035,����� ��������,Old price not found,7 100
826.32.1051,Seagull Zhuoer,Old price not found,52 900
2493534-300-2115,����� ��������,Old price not found,14 400
2490529-300-2115,����� ��������,Old price not found,14 400
2551608-300-2035,����� ��������,Old price not found,7 100
826.22.1051,Seagull Zhuoer,Old price not found,52 900
2493535-300-2115,����� ��������,Old price not found,14 400
2493525-300-2115,����� ��������,Old price not found,14 400
2551610-300-2035,����� ��������,Old price not found,7 100
T055.427.16.057.00,Tissot PRC 200,Old price not found,
2493533-300-2115,����� ��������,Old price not found,14 400
2493531-300-2115,����� ��������,Old price not found,14 400
2403.00-581884,Vostok �������,Old price not found,8 000
MH001D,������ Divemaster,Old price not found,41 590
2493532-300-2115,����� ��������,Old price not found,14 400
